{"cameraMode":{"drawMode":0,"name":"Shaded","section":"Shading Mode"},"sceneLighting":true,"audioPlay":false,"sceneViewState":{"showFog":true,"showMaterialUpdate":false,"showSkybox":true,"showFlares":true,"showImageEffects":true,"showParticleSystems":true},"in2DMode":false,"pivot":{"x":-3.305213212966919,"y":-1.2681331634521485,"z":-32.33429718017578},"rotation":{"x":-0.0011820209911093116,"y":0.9980234503746033,"z":-0.019773010164499284,"w":-0.0596516951918602},"size":24.91996192932129,"orthographic":false}