{"cameraMode":{"drawMode":0,"name":"Shaded","section":"Shading Mode"},"sceneLighting":true,"audioPlay":false,"sceneViewState":{"showFog":true,"showMaterialUpdate":false,"showSkybox":true,"showFlares":true,"showImageEffects":true,"showParticleSystems":true},"in2DMode":false,"pivot":{"x":-8.280866622924805,"y":4.553703308105469,"z":137.34033203125},"rotation":{"x":-0.22582487761974336,"y":0.6090535521507263,"z":-0.1866101175546646,"w":-0.7370505928993225},"size":52.027870178222659,"orthographic":false}